row,col,level,conductance,conductance_uS
0,0,0,0.000000,1.00
0,1,3,0.103448,11.24
0,2,1,0.034483,4.41
0,3,22,0.758621,76.10
0,4,0,0.000000,1.00
0,5,27,0.931034,93.17
0,6,28,0.965517,96.59
0,7,5,0.172414,18.07
0,8,1,0.034483,4.41
0,9,3,0.103448,11.24
0,10,18,0.620690,62.45
0,11,29,1.000000,100.00
0,12,12,0.413793,41.97
0,13,5,0.172414,18.07
0,14,21,0.724138,72.69
0,15,19,0.655172,65.86
0,16,2,0.068966,7.83
0,17,24,0.827586,82.93
0,18,28,0.965517,96.59
0,19,21,0.724138,72.69
0,20,0,0.000000,1.00
0,21,10,0.344828,35.14
0,22,2,0.068966,7.83
0,23,12,0.413793,41.97
0,24,20,0.689655,69.28
0,25,29,1.000000,100.00
0,26,5,0.172414,18.07
0,27,1,0.034483,4.41
0,28,4,0.137931,14.66
0,29,2,0.068966,7.83
0,30,16,0.551724,55.62
0,31,7,0.241379,24.90
0,32,8,0.275862,28.31
0,33,29,1.000000,100.00
0,34,23,0.793103,79.52
0,35,7,0.241379,24.90
0,36,15,0.517241,52.21
0,37,10,0.344828,35.14
0,38,19,0.655172,65.86
0,39,6,0.206897,21.48
0,40,10,0.344828,35.14
0,41,20,0.689655,69.28
0,42,21,0.724138,72.69
0,43,4,0.137931,14.66
0,44,19,0.655172,65.86
0,45,0,0.000000,1.00
0,46,18,0.620690,62.45
0,47,22,0.758621,76.10
1,0,12,0.413793,41.97
1,1,5,0.172414,18.07
1,2,0,0.000000,1.00
1,3,24,0.827586,82.93
1,4,25,0.862069,86.34
1,5,24,0.827586,82.93
1,6,0,0.000000,1.00
1,7,8,0.275862,28.31
1,8,18,0.620690,62.45
1,9,16,0.551724,55.62
1,10,20,0.689655,69.28
1,11,8,0.275862,28.31
1,12,24,0.827586,82.93
1,13,19,0.655172,65.86
1,14,13,0.448276,45.38
1,15,11,0.379310,38.55
1,16,29,1.000000,100.00
1,17,11,0.379310,38.55
1,18,26,0.896552,89.76
1,19,9,0.310345,31.72
1,20,27,0.931034,93.17
1,21,26,0.896552,89.76
1,22,17,0.586207,59.03
1,23,2,0.068966,7.83
1,24,1,0.034483,4.41
1,25,5,0.172414,18.07
1,26,6,0.206897,21.48
1,27,28,0.965517,96.59
1,28,26,0.896552,89.76
1,29,21,0.724138,72.69
1,30,10,0.344828,35.14
1,31,22,0.758621,76.10
1,32,26,0.896552,89.76
1,33,6,0.206897,21.48
1,34,10,0.344828,35.14
1,35,10,0.344828,35.14
1,36,10,0.344828,35.14
1,37,24,0.827586,82.93
1,38,7,0.241379,24.90
1,39,12,0.413793,41.97
1,40,4,0.137931,14.66
1,41,25,0.862069,86.34
1,42,2,0.068966,7.83
1,43,19,0.655172,65.86
1,44,9,0.310345,31.72
1,45,15,0.517241,52.21
1,46,1,0.034483,4.41
1,47,16,0.551724,55.62
2,0,13,0.448276,45.38
2,1,16,0.551724,55.62
2,2,17,0.586207,59.03
2,3,10,0.344828,35.14
2,4,0,0.000000,1.00
2,5,24,0.827586,82.93
2,6,18,0.620690,62.45
2,7,3,0.103448,11.24
2,8,16,0.551724,55.62
2,9,8,0.275862,28.31
2,10,10,0.344828,35.14
2,11,29,1.000000,100.00
2,12,6,0.206897,21.48
2,13,6,0.206897,21.48
2,14,16,0.551724,55.62
2,15,26,0.896552,89.76
2,16,21,0.724138,72.69
2,17,19,0.655172,65.86
2,18,4,0.137931,14.66
2,19,28,0.965517,96.59
2,20,15,0.517241,52.21
2,21,4,0.137931,14.66
2,22,3,0.103448,11.24
2,23,18,0.620690,62.45
2,24,17,0.586207,59.03
2,25,29,1.000000,100.00
2,26,27,0.931034,93.17
2,27,9,0.310345,31.72
2,28,15,0.517241,52.21
2,29,9,0.310345,31.72
2,30,21,0.724138,72.69
2,31,17,0.586207,59.03
2,32,3,0.103448,11.24
2,33,11,0.379310,38.55
2,34,5,0.172414,18.07
2,35,1,0.034483,4.41
2,36,3,0.103448,11.24
2,37,21,0.724138,72.69
2,38,4,0.137931,14.66
2,39,8,0.275862,28.31
2,40,15,0.517241,52.21
2,41,27,0.931034,93.17
2,42,4,0.137931,14.66
2,43,0,0.000000,1.00
2,44,2,0.068966,7.83
2,45,22,0.758621,76.10
2,46,3,0.103448,11.24
2,47,5,0.172414,18.07
3,0,21,0.724138,72.69
3,1,16,0.551724,55.62
3,2,28,0.965517,96.59
3,3,18,0.620690,62.45
3,4,17,0.586207,59.03
3,5,23,0.793103,79.52
3,6,9,0.310345,31.72
3,7,28,0.965517,96.59
3,8,5,0.172414,18.07
3,9,29,1.000000,100.00
3,10,8,0.275862,28.31
3,11,8,0.275862,28.31
3,12,17,0.586207,59.03
3,13,12,0.413793,41.97
3,14,6,0.206897,21.48
3,15,15,0.517241,52.21
3,16,6,0.206897,21.48
3,17,21,0.724138,72.69
3,18,21,0.724138,72.69
3,19,22,0.758621,76.10
3,20,23,0.793103,79.52
3,21,4,0.137931,14.66
3,22,20,0.689655,69.28
3,23,18,0.620690,62.45
3,24,15,0.517241,52.21
3,25,24,0.827586,82.93
3,26,3,0.103448,11.24
3,27,20,0.689655,69.28
3,28,3,0.103448,11.24
3,29,20,0.689655,69.28
3,30,14,0.482759,48.79
3,31,0,0.000000,1.00
3,32,23,0.793103,79.52
3,33,21,0.724138,72.69
3,34,16,0.551724,55.62
3,35,7,0.241379,24.90
3,36,29,1.000000,100.00
3,37,21,0.724138,72.69
3,38,23,0.793103,79.52
3,39,2,0.068966,7.83
3,40,24,0.827586,82.93
3,41,15,0.517241,52.21
3,42,9,0.310345,31.72
3,43,21,0.724138,72.69
3,44,5,0.172414,18.07
3,45,5,0.172414,18.07
3,46,23,0.793103,79.52
3,47,7,0.241379,24.90
4,0,3,0.103448,11.24
4,1,10,0.344828,35.14
4,2,11,0.379310,38.55
4,3,13,0.448276,45.38
4,4,19,0.655172,65.86
4,5,24,0.827586,82.93
4,6,7,0.241379,24.90
4,7,24,0.827586,82.93
4,8,9,0.310345,31.72
4,9,22,0.758621,76.10
4,10,18,0.620690,62.45
4,11,15,0.517241,52.21
4,12,13,0.448276,45.38
4,13,2,0.068966,7.83
4,14,11,0.379310,38.55
4,15,9,0.310345,31.72
4,16,5,0.172414,18.07
4,17,19,0.655172,65.86
4,18,6,0.206897,21.48
4,19,0,0.000000,1.00
4,20,17,0.586207,59.03
4,21,16,0.551724,55.62
4,22,15,0.517241,52.21
4,23,26,0.896552,89.76
4,24,21,0.724138,72.69
4,25,13,0.448276,45.38
4,26,29,1.000000,100.00
4,27,26,0.896552,89.76
4,28,15,0.517241,52.21
4,29,18,0.620690,62.45
4,30,5,0.172414,18.07
4,31,1,0.034483,4.41
4,32,10,0.344828,35.14
4,33,26,0.896552,89.76
4,34,13,0.448276,45.38
4,35,14,0.482759,48.79
4,36,13,0.448276,45.38
4,37,1,0.034483,4.41
4,38,0,0.000000,1.00
4,39,6,0.206897,21.48
4,40,6,0.206897,21.48
4,41,24,0.827586,82.93
4,42,3,0.103448,11.24
4,43,4,0.137931,14.66
4,44,26,0.896552,89.76
4,45,23,0.793103,79.52
4,46,13,0.448276,45.38
4,47,5,0.172414,18.07
5,0,12,0.413793,41.97
5,1,27,0.931034,93.17
5,2,24,0.827586,82.93
5,3,9,0.310345,31.72
5,4,11,0.379310,38.55
5,5,13,0.448276,45.38
5,6,1,0.034483,4.41
5,7,21,0.724138,72.69
5,8,11,0.379310,38.55
5,9,0,0.000000,1.00
5,10,10,0.344828,35.14
5,11,5,0.172414,18.07
5,12,18,0.620690,62.45
5,13,6,0.206897,21.48
5,14,9,0.310345,31.72
5,15,22,0.758621,76.10
5,16,26,0.896552,89.76
5,17,1,0.034483,4.41
5,18,16,0.551724,55.62
5,19,2,0.068966,7.83
5,20,23,0.793103,79.52
5,21,1,0.034483,4.41
5,22,28,0.965517,96.59
5,23,18,0.620690,62.45
5,24,21,0.724138,72.69
5,25,25,0.862069,86.34
5,26,1,0.034483,4.41
5,27,17,0.586207,59.03
5,28,4,0.137931,14.66
5,29,24,0.827586,82.93
5,30,20,0.689655,69.28
5,31,20,0.689655,69.28
5,32,5,0.172414,18.07
5,33,9,0.310345,31.72
5,34,27,0.931034,93.17
5,35,19,0.655172,65.86
5,36,24,0.827586,82.93
5,37,13,0.448276,45.38
5,38,10,0.344828,35.14
5,39,19,0.655172,65.86
5,40,24,0.827586,82.93
5,41,6,0.206897,21.48
5,42,4,0.137931,14.66
5,43,1,0.034483,4.41
5,44,8,0.275862,28.31
5,45,27,0.931034,93.17
5,46,1,0.034483,4.41
5,47,10,0.344828,35.14
6,0,3,0.103448,11.24
6,1,20,0.689655,69.28
6,2,25,0.862069,86.34
6,3,15,0.517241,52.21
6,4,20,0.689655,69.28
6,5,18,0.620690,62.45
6,6,27,0.931034,93.17
6,7,27,0.931034,93.17
6,8,0,0.000000,1.00
6,9,25,0.862069,86.34
6,10,12,0.413793,41.97
6,11,9,0.310345,31.72
6,12,16,0.551724,55.62
6,13,0,0.000000,1.00
6,14,18,0.620690,62.45
6,15,5,0.172414,18.07
6,16,26,0.896552,89.76
6,17,7,0.241379,24.90
6,18,10,0.344828,35.14
6,19,16,0.551724,55.62
6,20,11,0.379310,38.55
6,21,8,0.275862,28.31
6,22,17,0.586207,59.03
6,23,28,0.965517,96.59
6,24,24,0.827586,82.93
6,25,12,0.413793,41.97
6,26,26,0.896552,89.76
6,27,20,0.689655,69.28
6,28,16,0.551724,55.62
6,29,14,0.482759,48.79
6,30,23,0.793103,79.52
6,31,14,0.482759,48.79
6,32,22,0.758621,76.10
6,33,19,0.655172,65.86
6,34,10,0.344828,35.14
6,35,17,0.586207,59.03
6,36,21,0.724138,72.69
6,37,16,0.551724,55.62
6,38,8,0.275862,28.31
6,39,20,0.689655,69.28
6,40,12,0.413793,41.97
6,41,21,0.724138,72.69
6,42,4,0.137931,14.66
6,43,14,0.482759,48.79
6,44,8,0.275862,28.31
6,45,3,0.103448,11.24
6,46,1,0.034483,4.41
6,47,0,0.000000,1.00
7,0,18,0.620690,62.45
7,1,8,0.275862,28.31
7,2,1,0.034483,4.41
7,3,6,0.206897,21.48
7,4,3,0.103448,11.24
7,5,1,0.034483,4.41
7,6,15,0.517241,52.21
7,7,23,0.793103,79.52
7,8,25,0.862069,86.34
7,9,24,0.827586,82.93
7,10,1,0.034483,4.41
7,11,19,0.655172,65.86
7,12,18,0.620690,62.45
7,13,16,0.551724,55.62
7,14,20,0.689655,69.28
7,15,19,0.655172,65.86
7,16,9,0.310345,31.72
7,17,24,0.827586,82.93
7,18,9,0.310345,31.72
7,19,19,0.655172,65.86
7,20,4,0.137931,14.66
7,21,26,0.896552,89.76
7,22,12,0.413793,41.97
7,23,25,0.862069,86.34
7,24,9,0.310345,31.72
7,25,11,0.379310,38.55
7,26,5,0.172414,18.07
7,27,5,0.172414,18.07
7,28,8,0.275862,28.31
7,29,9,0.310345,31.72
7,30,22,0.758621,76.10
7,31,26,0.896552,89.76
7,32,21,0.724138,72.69
7,33,0,0.000000,1.00
7,34,29,1.000000,100.00
7,35,14,0.482759,48.79
7,36,8,0.275862,28.31
7,37,15,0.517241,52.21
7,38,8,0.275862,28.31
7,39,27,0.931034,93.17
7,40,10,0.344828,35.14
7,41,7,0.241379,24.90
7,42,16,0.551724,55.62
7,43,4,0.137931,14.66
7,44,0,0.000000,1.00
7,45,26,0.896552,89.76
7,46,4,0.137931,14.66
7,47,21,0.724138,72.69
8,0,9,0.310345,31.72
8,1,12,0.413793,41.97
8,2,17,0.586207,59.03
8,3,11,0.379310,38.55
8,4,4,0.137931,14.66
8,5,1,0.034483,4.41
8,6,3,0.103448,11.24
8,7,6,0.206897,21.48
8,8,17,0.586207,59.03
8,9,7,0.241379,24.90
8,10,12,0.413793,41.97
8,11,21,0.724138,72.69
8,12,9,0.310345,31.72
8,13,9,0.310345,31.72
8,14,10,0.344828,35.14
8,15,8,0.275862,28.31
8,16,21,0.724138,72.69
8,17,5,0.172414,18.07
8,18,27,0.931034,93.17
8,19,9,0.310345,31.72
8,20,20,0.689655,69.28
8,21,14,0.482759,48.79
8,22,9,0.310345,31.72
8,23,22,0.758621,76.10
8,24,28,0.965517,96.59
8,25,27,0.931034,93.17
8,26,6,0.206897,21.48
8,27,24,0.827586,82.93
8,28,29,1.000000,100.00
8,29,6,0.206897,21.48
8,30,20,0.689655,69.28
8,31,3,0.103448,11.24
8,32,23,0.793103,79.52
8,33,21,0.724138,72.69
8,34,3,0.103448,11.24
8,35,5,0.172414,18.07
8,36,14,0.482759,48.79
8,37,15,0.517241,52.21
8,38,23,0.793103,79.52
8,39,20,0.689655,69.28
8,40,12,0.413793,41.97
8,41,0,0.000000,1.00
8,42,17,0.586207,59.03
8,43,10,0.344828,35.14
8,44,6,0.206897,21.48
8,45,18,0.620690,62.45
8,46,12,0.413793,41.97
8,47,22,0.758621,76.10
9,0,0,0.000000,1.00
9,1,9,0.310345,31.72
9,2,21,0.724138,72.69
9,3,29,1.000000,100.00
9,4,22,0.758621,76.10
9,5,1,0.034483,4.41
9,6,9,0.310345,31.72
9,7,9,0.310345,31.72
9,8,20,0.689655,69.28
9,9,17,0.586207,59.03
9,10,20,0.689655,69.28
9,11,0,0.000000,1.00
9,12,10,0.344828,35.14
9,13,8,0.275862,28.31
9,14,7,0.241379,24.90
9,15,10,0.344828,35.14
9,16,13,0.448276,45.38
9,17,5,0.172414,18.07
9,18,13,0.448276,45.38
9,19,20,0.689655,69.28
9,20,17,0.586207,59.03
9,21,17,0.586207,59.03
9,22,18,0.620690,62.45
9,23,26,0.896552,89.76
9,24,17,0.586207,59.03
9,25,11,0.379310,38.55
9,26,22,0.758621,76.10
9,27,19,0.655172,65.86
9,28,10,0.344828,35.14
9,29,16,0.551724,55.62
9,30,18,0.620690,62.45
9,31,16,0.551724,55.62
9,32,18,0.620690,62.45
9,33,1,0.034483,4.41
9,34,9,0.310345,31.72
9,35,21,0.724138,72.69
9,36,27,0.931034,93.17
9,37,3,0.103448,11.24
9,38,18,0.620690,62.45
9,39,5,0.172414,18.07
9,40,20,0.689655,69.28
9,41,17,0.586207,59.03
9,42,27,0.931034,93.17
9,43,10,0.344828,35.14
9,44,18,0.620690,62.45
9,45,24,0.827586,82.93
9,46,23,0.793103,79.52
9,47,14,0.482759,48.79
10,0,17,0.586207,59.03
10,1,12,0.413793,41.97
10,2,19,0.655172,65.86
10,3,3,0.103448,11.24
10,4,12,0.413793,41.97
10,5,3,0.103448,11.24
10,6,14,0.482759,48.79
10,7,6,0.206897,21.48
10,8,18,0.620690,62.45
10,9,6,0.206897,21.48
10,10,4,0.137931,14.66
10,11,0,0.000000,1.00
10,12,24,0.827586,82.93
10,13,3,0.103448,11.24
10,14,3,0.103448,11.24
10,15,5,0.172414,18.07
10,16,24,0.827586,82.93
10,17,12,0.413793,41.97
10,18,18,0.620690,62.45
10,19,8,0.275862,28.31
10,20,26,0.896552,89.76
10,21,20,0.689655,69.28
10,22,20,0.689655,69.28
10,23,10,0.344828,35.14
10,24,16,0.551724,55.62
10,25,3,0.103448,11.24
10,26,29,1.000000,100.00
10,27,18,0.620690,62.45
10,28,28,0.965517,96.59
10,29,15,0.517241,52.21
10,30,0,0.000000,1.00
10,31,0,0.000000,1.00
10,32,17,0.586207,59.03
10,33,23,0.793103,79.52
10,34,15,0.517241,52.21
10,35,20,0.689655,69.28
10,36,1,0.034483,4.41
10,37,1,0.034483,4.41
10,38,22,0.758621,76.10
10,39,8,0.275862,28.31
10,40,8,0.275862,28.31
10,41,6,0.206897,21.48
10,42,17,0.586207,59.03
10,43,25,0.862069,86.34
10,44,5,0.172414,18.07
10,45,13,0.448276,45.38
10,46,18,0.620690,62.45
10,47,27,0.931034,93.17
11,0,0,0.000000,1.00
11,1,21,0.724138,72.69
11,2,27,0.931034,93.17
11,3,7,0.241379,24.90
11,4,29,1.000000,100.00
11,5,14,0.482759,48.79
11,6,15,0.517241,52.21
11,7,25,0.862069,86.34
11,8,10,0.344828,35.14
11,9,8,0.275862,28.31
11,10,20,0.689655,69.28
11,11,14,0.482759,48.79
11,12,25,0.862069,86.34
11,13,0,0.000000,1.00
11,14,22,0.758621,76.10
11,15,6,0.206897,21.48
11,16,29,1.000000,100.00
11,17,15,0.517241,52.21
11,18,4,0.137931,14.66
11,19,6,0.206897,21.48
11,20,11,0.379310,38.55
11,21,0,0.000000,1.00
11,22,16,0.551724,55.62
11,23,10,0.344828,35.14
11,24,25,0.862069,86.34
11,25,21,0.724138,72.69
11,26,14,0.482759,48.79
11,27,12,0.413793,41.97
11,28,22,0.758621,76.10
11,29,25,0.862069,86.34
11,30,8,0.275862,28.31
11,31,20,0.689655,69.28
11,32,7,0.241379,24.90
11,33,11,0.379310,38.55
11,34,24,0.827586,82.93
11,35,9,0.310345,31.72
11,36,1,0.034483,4.41
11,37,0,0.000000,1.00
11,38,13,0.448276,45.38
11,39,4,0.137931,14.66
11,40,8,0.275862,28.31
11,41,16,0.551724,55.62
11,42,15,0.517241,52.21
11,43,5,0.172414,18.07
11,44,4,0.137931,14.66
11,45,2,0.068966,7.83
11,46,14,0.482759,48.79
11,47,18,0.620690,62.45
12,0,16,0.551724,55.62
12,1,24,0.827586,82.93
12,2,19,0.655172,65.86
12,3,14,0.482759,48.79
12,4,18,0.620690,62.45
12,5,1,0.034483,4.41
12,6,22,0.758621,76.10
12,7,26,0.896552,89.76
12,8,2,0.068966,7.83
12,9,4,0.137931,14.66
12,10,3,0.103448,11.24
12,11,0,0.000000,1.00
12,12,27,0.931034,93.17
12,13,17,0.586207,59.03
12,14,27,0.931034,93.17
12,15,8,0.275862,28.31
12,16,11,0.379310,38.55
12,17,14,0.482759,48.79
12,18,17,0.586207,59.03
12,19,3,0.103448,11.24
12,20,25,0.862069,86.34
12,21,25,0.862069,86.34
12,22,28,0.965517,96.59
12,23,21,0.724138,72.69
12,24,18,0.620690,62.45
12,25,23,0.793103,79.52
12,26,15,0.517241,52.21
12,27,21,0.724138,72.69
12,28,16,0.551724,55.62
12,29,14,0.482759,48.79
12,30,7,0.241379,24.90
12,31,16,0.551724,55.62
12,32,1,0.034483,4.41
12,33,10,0.344828,35.14
12,34,27,0.931034,93.17
12,35,14,0.482759,48.79
12,36,10,0.344828,35.14
12,37,13,0.448276,45.38
12,38,19,0.655172,65.86
12,39,15,0.517241,52.21
12,40,17,0.586207,59.03
12,41,2,0.068966,7.83
12,42,2,0.068966,7.83
12,43,29,1.000000,100.00
12,44,5,0.172414,18.07
12,45,23,0.793103,79.52
12,46,19,0.655172,65.86
12,47,17,0.586207,59.03
13,0,24,0.827586,82.93
13,1,29,1.000000,100.00
13,2,14,0.482759,48.79
13,3,6,0.206897,21.48
13,4,8,0.275862,28.31
13,5,2,0.068966,7.83
13,6,18,0.620690,62.45
13,7,23,0.793103,79.52
13,8,7,0.241379,24.90
13,9,29,1.000000,100.00
13,10,6,0.206897,21.48
13,11,10,0.344828,35.14
13,12,29,1.000000,100.00
13,13,6,0.206897,21.48
13,14,12,0.413793,41.97
13,15,1,0.034483,4.41
13,16,3,0.103448,11.24
13,17,2,0.068966,7.83
13,18,20,0.689655,69.28
13,19,28,0.965517,96.59
13,20,3,0.103448,11.24
13,21,12,0.413793,41.97
13,22,10,0.344828,35.14
13,23,16,0.551724,55.62
13,24,5,0.172414,18.07
13,25,12,0.413793,41.97
13,26,5,0.172414,18.07
13,27,16,0.551724,55.62
13,28,11,0.379310,38.55
13,29,29,1.000000,100.00
13,30,3,0.103448,11.24
13,31,23,0.793103,79.52
13,32,29,1.000000,100.00
13,33,20,0.689655,69.28
13,34,4,0.137931,14.66
13,35,27,0.931034,93.17
13,36,19,0.655172,65.86
13,37,10,0.344828,35.14
13,38,12,0.413793,41.97
13,39,9,0.310345,31.72
13,40,15,0.517241,52.21
13,41,23,0.793103,79.52
13,42,5,0.172414,18.07
13,43,8,0.275862,28.31
13,44,1,0.034483,4.41
13,45,5,0.172414,18.07
13,46,20,0.689655,69.28
13,47,4,0.137931,14.66
14,0,18,0.620690,62.45
14,1,9,0.310345,31.72
14,2,3,0.103448,11.24
14,3,20,0.689655,69.28
14,4,15,0.517241,52.21
14,5,2,0.068966,7.83
14,6,3,0.103448,11.24
14,7,3,0.103448,11.24
14,8,18,0.620690,62.45
14,9,16,0.551724,55.62
14,10,1,0.034483,4.41
14,11,12,0.413793,41.97
14,12,27,0.931034,93.17
14,13,15,0.517241,52.21
14,14,21,0.724138,72.69
14,15,0,0.000000,1.00
14,16,10,0.344828,35.14
14,17,15,0.517241,52.21
14,18,1,0.034483,4.41
14,19,22,0.758621,76.10
14,20,7,0.241379,24.90
14,21,27,0.931034,93.17
14,22,9,0.310345,31.72
14,23,23,0.793103,79.52
14,24,27,0.931034,93.17
14,25,18,0.620690,62.45
14,26,3,0.103448,11.24
14,27,14,0.482759,48.79
14,28,1,0.034483,4.41
14,29,1,0.034483,4.41
14,30,1,0.034483,4.41
14,31,2,0.068966,7.83
14,32,5,0.172414,18.07
14,33,27,0.931034,93.17
14,34,24,0.827586,82.93
14,35,2,0.068966,7.83
14,36,0,0.000000,1.00
14,37,8,0.275862,28.31
14,38,29,1.000000,100.00
14,39,6,0.206897,21.48
14,40,13,0.448276,45.38
14,41,5,0.172414,18.07
14,42,28,0.965517,96.59
14,43,27,0.931034,93.17
14,44,22,0.758621,76.10
14,45,19,0.655172,65.86
14,46,7,0.241379,24.90
14,47,28,0.965517,96.59
15,0,29,1.000000,100.00
15,1,27,0.931034,93.17
15,2,0,0.000000,1.00
15,3,16,0.551724,55.62
15,4,23,0.793103,79.52
15,5,5,0.172414,18.07
15,6,5,0.172414,18.07
15,7,3,0.103448,11.24
15,8,27,0.931034,93.17
15,9,3,0.103448,11.24
15,10,0,0.000000,1.00
15,11,28,0.965517,96.59
15,12,20,0.689655,69.28
15,13,21,0.724138,72.69
15,14,10,0.344828,35.14
15,15,10,0.344828,35.14
15,16,19,0.655172,65.86
15,17,24,0.827586,82.93
15,18,10,0.344828,35.14
15,19,1,0.034483,4.41
15,20,8,0.275862,28.31
15,21,24,0.827586,82.93
15,22,19,0.655172,65.86
15,23,27,0.931034,93.17
15,24,13,0.448276,45.38
15,25,2,0.068966,7.83
15,26,6,0.206897,21.48
15,27,0,0.000000,1.00
15,28,13,0.448276,45.38
15,29,6,0.206897,21.48
15,30,17,0.586207,59.03
15,31,27,0.931034,93.17
15,32,27,0.931034,93.17
15,33,14,0.482759,48.79
15,34,26,0.896552,89.76
15,35,18,0.620690,62.45
15,36,21,0.724138,72.69
15,37,12,0.413793,41.97
15,38,29,1.000000,100.00
15,39,15,0.517241,52.21
15,40,29,1.000000,100.00
15,41,13,0.448276,45.38
15,42,11,0.379310,38.55
15,43,1,0.034483,4.41
15,44,18,0.620690,62.45
15,45,17,0.586207,59.03
15,46,29,1.000000,100.00
15,47,25,0.862069,86.34
16,0,12,0.413793,41.97
16,1,2,0.068966,7.83
16,2,2,0.068966,7.83
16,3,3,0.103448,11.24
16,4,13,0.448276,45.38
16,5,15,0.517241,52.21
16,6,8,0.275862,28.31
16,7,18,0.620690,62.45
16,8,5,0.172414,18.07
16,9,17,0.586207,59.03
16,10,10,0.344828,35.14
16,11,18,0.620690,62.45
16,12,15,0.517241,52.21
16,13,21,0.724138,72.69
16,14,10,0.344828,35.14
16,15,1,0.034483,4.41
16,16,2,0.068966,7.83
16,17,0,0.000000,1.00
16,18,16,0.551724,55.62
16,19,18,0.620690,62.45
16,20,5,0.172414,18.07
16,21,2,0.068966,7.83
16,22,2,0.068966,7.83
16,23,29,1.000000,100.00
16,24,11,0.379310,38.55
16,25,6,0.206897,21.48
16,26,29,1.000000,100.00
16,27,5,0.172414,18.07
16,28,21,0.724138,72.69
16,29,22,0.758621,76.10
16,30,9,0.310345,31.72
16,31,25,0.862069,86.34
16,32,12,0.413793,41.97
16,33,6,0.206897,21.48
16,34,22,0.758621,76.10
16,35,19,0.655172,65.86
16,36,8,0.275862,28.31
16,37,12,0.413793,41.97
16,38,4,0.137931,14.66
16,39,23,0.793103,79.52
16,40,1,0.034483,4.41
16,41,28,0.965517,96.59
16,42,20,0.689655,69.28
16,43,27,0.931034,93.17
16,44,9,0.310345,31.72
16,45,24,0.827586,82.93
16,46,16,0.551724,55.62
16,47,9,0.310345,31.72
17,0,14,0.482759,48.79
17,1,19,0.655172,65.86
17,2,17,0.586207,59.03
17,3,16,0.551724,55.62
17,4,17,0.586207,59.03
17,5,6,0.206897,21.48
17,6,19,0.655172,65.86
17,7,29,1.000000,100.00
17,8,22,0.758621,76.10
17,9,7,0.241379,24.90
17,10,26,0.896552,89.76
17,11,29,1.000000,100.00
17,12,28,0.965517,96.59
17,13,23,0.793103,79.52
17,14,27,0.931034,93.17
17,15,6,0.206897,21.48
17,16,16,0.551724,55.62
17,17,5,0.172414,18.07
17,18,21,0.724138,72.69
17,19,29,1.000000,100.00
17,20,16,0.551724,55.62
17,21,28,0.965517,96.59
17,22,14,0.482759,48.79
17,23,20,0.689655,69.28
17,24,15,0.517241,52.21
17,25,23,0.793103,79.52
17,26,12,0.413793,41.97
17,27,26,0.896552,89.76
17,28,21,0.724138,72.69
17,29,16,0.551724,55.62
17,30,17,0.586207,59.03
17,31,27,0.931034,93.17
17,32,26,0.896552,89.76
17,33,25,0.862069,86.34
17,34,28,0.965517,96.59
17,35,10,0.344828,35.14
17,36,7,0.241379,24.90
17,37,29,1.000000,100.00
17,38,8,0.275862,28.31
17,39,7,0.241379,24.90
17,40,15,0.517241,52.21
17,41,4,0.137931,14.66
17,42,23,0.793103,79.52
17,43,27,0.931034,93.17
17,44,7,0.241379,24.90
17,45,17,0.586207,59.03
17,46,8,0.275862,28.31
17,47,5,0.172414,18.07
18,0,17,0.586207,59.03
18,1,25,0.862069,86.34
18,2,23,0.793103,79.52
18,3,1,0.034483,4.41
18,4,17,0.586207,59.03
18,5,25,0.862069,86.34
18,6,15,0.517241,52.21
18,7,20,0.689655,69.28
18,8,16,0.551724,55.62
18,9,17,0.586207,59.03
18,10,25,0.862069,86.34
18,11,28,0.965517,96.59
18,12,19,0.655172,65.86
18,13,11,0.379310,38.55
18,14,25,0.862069,86.34
18,15,3,0.103448,11.24
18,16,11,0.379310,38.55
18,17,4,0.137931,14.66
18,18,3,0.103448,11.24
18,19,14,0.482759,48.79
18,20,24,0.827586,82.93
18,21,5,0.172414,18.07
18,22,17,0.586207,59.03
18,23,0,0.000000,1.00
18,24,27,0.931034,93.17
18,25,21,0.724138,72.69
18,26,3,0.103448,11.24
18,27,1,0.034483,4.41
18,28,22,0.758621,76.10
18,29,18,0.620690,62.45
18,30,4,0.137931,14.66
18,31,15,0.517241,52.21
18,32,16,0.551724,55.62
18,33,16,0.551724,55.62
18,34,16,0.551724,55.62
18,35,20,0.689655,69.28
18,36,7,0.241379,24.90
18,37,24,0.827586,82.93
18,38,9,0.310345,31.72
18,39,6,0.206897,21.48
18,40,7,0.241379,24.90
18,41,24,0.827586,82.93
18,42,10,0.344828,35.14
18,43,18,0.620690,62.45
18,44,3,0.103448,11.24
18,45,16,0.551724,55.62
18,46,10,0.344828,35.14
18,47,26,0.896552,89.76
19,0,8,0.275862,28.31
19,1,24,0.827586,82.93
19,2,11,0.379310,38.55
19,3,10,0.344828,35.14
19,4,5,0.172414,18.07
19,5,4,0.137931,14.66
19,6,24,0.827586,82.93
19,7,29,1.000000,100.00
19,8,23,0.793103,79.52
19,9,13,0.448276,45.38
19,10,12,0.413793,41.97
19,11,17,0.586207,59.03
19,12,29,1.000000,100.00
19,13,22,0.758621,76.10
19,14,2,0.068966,7.83
19,15,2,0.068966,7.83
19,16,23,0.793103,79.52
19,17,2,0.068966,7.83
19,18,12,0.413793,41.97
19,19,13,0.448276,45.38
19,20,2,0.068966,7.83
19,21,21,0.724138,72.69
19,22,22,0.758621,76.10
19,23,20,0.689655,69.28
19,24,28,0.965517,96.59
19,25,15,0.517241,52.21
19,26,5,0.172414,18.07
19,27,5,0.172414,18.07
19,28,9,0.310345,31.72
19,29,2,0.068966,7.83
19,30,16,0.551724,55.62
19,31,15,0.517241,52.21
19,32,24,0.827586,82.93
19,33,2,0.068966,7.83
19,34,20,0.689655,69.28
19,35,24,0.827586,82.93
19,36,6,0.206897,21.48
19,37,27,0.931034,93.17
19,38,12,0.413793,41.97
19,39,19,0.655172,65.86
19,40,15,0.517241,52.21
19,41,18,0.620690,62.45
19,42,7,0.241379,24.90
19,43,9,0.310345,31.72
19,44,4,0.137931,14.66
19,45,29,1.000000,100.00
19,46,21,0.724138,72.69
19,47,23,0.793103,79.52
20,0,26,0.896552,89.76
20,1,0,0.000000,1.00
20,2,13,0.448276,45.38
20,3,29,1.000000,100.00
20,4,26,0.896552,89.76
20,5,15,0.517241,52.21
20,6,11,0.379310,38.55
20,7,7,0.241379,24.90
20,8,20,0.689655,69.28
20,9,2,0.068966,7.83
20,10,28,0.965517,96.59
20,11,24,0.827586,82.93
20,12,15,0.517241,52.21
20,13,19,0.655172,65.86
20,14,3,0.103448,11.24
20,15,6,0.206897,21.48
20,16,17,0.586207,59.03
20,17,7,0.241379,24.90
20,18,23,0.793103,79.52
20,19,8,0.275862,28.31
20,20,17,0.586207,59.03
20,21,29,1.000000,100.00
20,22,17,0.586207,59.03
20,23,28,0.965517,96.59
20,24,5,0.172414,18.07
20,25,26,0.896552,89.76
20,26,6,0.206897,21.48
20,27,13,0.448276,45.38
20,28,24,0.827586,82.93
20,29,0,0.000000,1.00
20,30,14,0.482759,48.79
20,31,23,0.793103,79.52
20,32,14,0.482759,48.79
20,33,20,0.689655,69.28
20,34,1,0.034483,4.41
20,35,10,0.344828,35.14
20,36,18,0.620690,62.45
20,37,29,1.000000,100.00
20,38,12,0.413793,41.97
20,39,0,0.000000,1.00
20,40,3,0.103448,11.24
20,41,12,0.413793,41.97
20,42,24,0.827586,82.93
20,43,14,0.482759,48.79
20,44,2,0.068966,7.83
20,45,19,0.655172,65.86
20,46,23,0.793103,79.52
20,47,27,0.931034,93.17
21,0,26,0.896552,89.76
21,1,3,0.103448,11.24
21,2,0,0.000000,1.00
21,3,23,0.793103,79.52
21,4,0,0.000000,1.00
21,5,13,0.448276,45.38
21,6,19,0.655172,65.86
21,7,14,0.482759,48.79
21,8,12,0.413793,41.97
21,9,13,0.448276,45.38
21,10,2,0.068966,7.83
21,11,29,1.000000,100.00
21,12,12,0.413793,41.97
21,13,1,0.034483,4.41
21,14,11,0.379310,38.55
21,15,20,0.689655,69.28
21,16,28,0.965517,96.59
21,17,12,0.413793,41.97
21,18,15,0.517241,52.21
21,19,24,0.827586,82.93
21,20,16,0.551724,55.62
21,21,27,0.931034,93.17
21,22,27,0.931034,93.17
21,23,3,0.103448,11.24
21,24,8,0.275862,28.31
21,25,25,0.862069,86.34
21,26,24,0.827586,82.93
21,27,3,0.103448,11.24
21,28,20,0.689655,69.28
21,29,23,0.793103,79.52
21,30,11,0.379310,38.55
21,31,8,0.275862,28.31
21,32,22,0.758621,76.10
21,33,14,0.482759,48.79
21,34,25,0.862069,86.34
21,35,14,0.482759,48.79
21,36,6,0.206897,21.48
21,37,26,0.896552,89.76
21,38,9,0.310345,31.72
21,39,15,0.517241,52.21
21,40,17,0.586207,59.03
21,41,2,0.068966,7.83
21,42,5,0.172414,18.07
21,43,14,0.482759,48.79
21,44,20,0.689655,69.28
21,45,13,0.448276,45.38
21,46,8,0.275862,28.31
21,47,22,0.758621,76.10
22,0,7,0.241379,24.90
22,1,14,0.482759,48.79
22,2,14,0.482759,48.79
22,3,4,0.137931,14.66
22,4,21,0.724138,72.69
22,5,17,0.586207,59.03
22,6,15,0.517241,52.21
22,7,9,0.310345,31.72
22,8,0,0.000000,1.00
22,9,24,0.827586,82.93
22,10,11,0.379310,38.55
22,11,26,0.896552,89.76
22,12,18,0.620690,62.45
22,13,23,0.793103,79.52
22,14,4,0.137931,14.66
22,15,23,0.793103,79.52
22,16,0,0.000000,1.00
22,17,5,0.172414,18.07
22,18,20,0.689655,69.28
22,19,16,0.551724,55.62
22,20,13,0.448276,45.38
22,21,1,0.034483,4.41
22,22,25,0.862069,86.34
22,23,0,0.000000,1.00
22,24,0,0.000000,1.00
22,25,5,0.172414,18.07
22,26,25,0.862069,86.34
22,27,16,0.551724,55.62
22,28,2,0.068966,7.83
22,29,26,0.896552,89.76
22,30,20,0.689655,69.28
22,31,10,0.344828,35.14
22,32,26,0.896552,89.76
22,33,17,0.586207,59.03
22,34,15,0.517241,52.21
22,35,4,0.137931,14.66
22,36,7,0.241379,24.90
22,37,0,0.000000,1.00
22,38,26,0.896552,89.76
22,39,19,0.655172,65.86
22,40,28,0.965517,96.59
22,41,15,0.517241,52.21
22,42,8,0.275862,28.31
22,43,3,0.103448,11.24
22,44,24,0.827586,82.93
22,45,27,0.931034,93.17
22,46,16,0.551724,55.62
22,47,17,0.586207,59.03
23,0,5,0.172414,18.07
23,1,21,0.724138,72.69
23,2,6,0.206897,21.48
23,3,23,0.793103,79.52
23,4,8,0.275862,28.31
23,5,2,0.068966,7.83
23,6,14,0.482759,48.79
23,7,16,0.551724,55.62
23,8,28,0.965517,96.59
23,9,10,0.344828,35.14
23,10,16,0.551724,55.62
23,11,25,0.862069,86.34
23,12,12,0.413793,41.97
23,13,4,0.137931,14.66
23,14,4,0.137931,14.66
23,15,1,0.034483,4.41
23,16,25,0.862069,86.34
23,17,22,0.758621,76.10
23,18,25,0.862069,86.34
23,19,1,0.034483,4.41
23,20,2,0.068966,7.83
23,21,23,0.793103,79.52
23,22,29,1.000000,100.00
23,23,0,0.000000,1.00
23,24,17,0.586207,59.03
23,25,8,0.275862,28.31
23,26,14,0.482759,48.79
23,27,12,0.413793,41.97
23,28,24,0.827586,82.93
23,29,29,1.000000,100.00
23,30,14,0.482759,48.79
23,31,0,0.000000,1.00
23,32,15,0.517241,52.21
23,33,11,0.379310,38.55
23,34,0,0.000000,1.00
23,35,27,0.931034,93.17
23,36,9,0.310345,31.72
23,37,11,0.379310,38.55
23,38,29,1.000000,100.00
23,39,4,0.137931,14.66
23,40,6,0.206897,21.48
23,41,6,0.206897,21.48
23,42,8,0.275862,28.31
23,43,26,0.896552,89.76
23,44,28,0.965517,96.59
23,45,24,0.827586,82.93
23,46,28,0.965517,96.59
23,47,23,0.793103,79.52
24,0,4,0.137931,14.66
24,1,14,0.482759,48.79
24,2,23,0.793103,79.52
24,3,16,0.551724,55.62
24,4,5,0.172414,18.07
24,5,23,0.793103,79.52
24,6,23,0.793103,79.52
24,7,27,0.931034,93.17
24,8,16,0.551724,55.62
24,9,10,0.344828,35.14
24,10,27,0.931034,93.17
24,11,7,0.241379,24.90
24,12,17,0.586207,59.03
24,13,0,0.000000,1.00
24,14,11,0.379310,38.55
24,15,15,0.517241,52.21
24,16,3,0.103448,11.24
24,17,17,0.586207,59.03
24,18,0,0.000000,1.00
24,19,18,0.620690,62.45
24,20,6,0.206897,21.48
24,21,2,0.068966,7.83
24,22,3,0.103448,11.24
24,23,14,0.482759,48.79
24,24,29,1.000000,100.00
24,25,28,0.965517,96.59
24,26,24,0.827586,82.93
24,27,28,0.965517,96.59
24,28,9,0.310345,31.72
24,29,14,0.482759,48.79
24,30,26,0.896552,89.76
24,31,12,0.413793,41.97
24,32,13,0.448276,45.38
24,33,23,0.793103,79.52
24,34,17,0.586207,59.03
24,35,16,0.551724,55.62
24,36,15,0.517241,52.21
24,37,17,0.586207,59.03
24,38,13,0.448276,45.38
24,39,6,0.206897,21.48
24,40,17,0.586207,59.03
24,41,6,0.206897,21.48
24,42,1,0.034483,4.41
24,43,25,0.862069,86.34
24,44,25,0.862069,86.34
24,45,0,0.000000,1.00
24,46,0,0.000000,1.00
24,47,9,0.310345,31.72
25,0,1,0.034483,4.41
25,1,23,0.793103,79.52
25,2,11,0.379310,38.55
25,3,19,0.655172,65.86
25,4,17,0.586207,59.03
25,5,11,0.379310,38.55
25,6,17,0.586207,59.03
25,7,2,0.068966,7.83
25,8,3,0.103448,11.24
25,9,0,0.000000,1.00
25,10,0,0.000000,1.00
25,11,7,0.241379,24.90
25,12,13,0.448276,45.38
25,13,2,0.068966,7.83
25,14,25,0.862069,86.34
25,15,17,0.586207,59.03
25,16,10,0.344828,35.14
25,17,21,0.724138,72.69
25,18,11,0.379310,38.55
25,19,18,0.620690,62.45
25,20,3,0.103448,11.24
25,21,2,0.068966,7.83
25,22,6,0.206897,21.48
25,23,12,0.413793,41.97
25,24,23,0.793103,79.52
25,25,8,0.275862,28.31
25,26,8,0.275862,28.31
25,27,27,0.931034,93.17
25,28,20,0.689655,69.28
25,29,6,0.206897,21.48
25,30,4,0.137931,14.66
25,31,20,0.689655,69.28
25,32,19,0.655172,65.86
25,33,7,0.241379,24.90
25,34,0,0.000000,1.00
25,35,14,0.482759,48.79
25,36,24,0.827586,82.93
25,37,21,0.724138,72.69
25,38,11,0.379310,38.55
25,39,20,0.689655,69.28
25,40,21,0.724138,72.69
25,41,15,0.517241,52.21
25,42,24,0.827586,82.93
25,43,9,0.310345,31.72
25,44,1,0.034483,4.41
25,45,13,0.448276,45.38
25,46,26,0.896552,89.76
25,47,12,0.413793,41.97
26,0,12,0.413793,41.97
26,1,0,0.000000,1.00
26,2,6,0.206897,21.48
26,3,13,0.448276,45.38
26,4,8,0.275862,28.31
26,5,19,0.655172,65.86
26,6,28,0.965517,96.59
26,7,25,0.862069,86.34
26,8,21,0.724138,72.69
26,9,23,0.793103,79.52
26,10,29,1.000000,100.00
26,11,24,0.827586,82.93
26,12,11,0.379310,38.55
26,13,22,0.758621,76.10
26,14,5,0.172414,18.07
26,15,24,0.827586,82.93
26,16,25,0.862069,86.34
26,17,0,0.000000,1.00
26,18,6,0.206897,21.48
26,19,8,0.275862,28.31
26,20,3,0.103448,11.24
26,21,25,0.862069,86.34
26,22,10,0.344828,35.14
26,23,20,0.689655,69.28
26,24,20,0.689655,69.28
26,25,9,0.310345,31.72
26,26,0,0.000000,1.00
26,27,6,0.206897,21.48
26,28,25,0.862069,86.34
26,29,12,0.413793,41.97
26,30,6,0.206897,21.48
26,31,29,1.000000,100.00
26,32,29,1.000000,100.00
26,33,13,0.448276,45.38
26,34,1,0.034483,4.41
26,35,8,0.275862,28.31
26,36,25,0.862069,86.34
26,37,29,1.000000,100.00
26,38,10,0.344828,35.14
26,39,3,0.103448,11.24
26,40,22,0.758621,76.10
26,41,29,1.000000,100.00
26,42,5,0.172414,18.07
26,43,23,0.793103,79.52
26,44,15,0.517241,52.21
26,45,18,0.620690,62.45
26,46,6,0.206897,21.48
26,47,5,0.172414,18.07
27,0,20,0.689655,69.28
27,1,8,0.275862,28.31
27,2,17,0.586207,59.03
27,3,13,0.448276,45.38
27,4,22,0.758621,76.10
27,5,25,0.862069,86.34
27,6,18,0.620690,62.45
27,7,1,0.034483,4.41
27,8,7,0.241379,24.90
27,9,27,0.931034,93.17
27,10,20,0.689655,69.28
27,11,17,0.586207,59.03
27,12,0,0.000000,1.00
27,13,6,0.206897,21.48
27,14,22,0.758621,76.10
27,15,27,0.931034,93.17
27,16,6,0.206897,21.48
27,17,17,0.586207,59.03
27,18,13,0.448276,45.38
27,19,2,0.068966,7.83
27,20,22,0.758621,76.10
27,21,5,0.172414,18.07
27,22,20,0.689655,69.28
27,23,2,0.068966,7.83
27,24,12,0.413793,41.97
27,25,11,0.379310,38.55
27,26,0,0.000000,1.00
27,27,9,0.310345,31.72
27,28,8,0.275862,28.31
27,29,25,0.862069,86.34
27,30,26,0.896552,89.76
27,31,4,0.137931,14.66
27,32,19,0.655172,65.86
27,33,12,0.413793,41.97
27,34,24,0.827586,82.93
27,35,19,0.655172,65.86
27,36,20,0.689655,69.28
27,37,23,0.793103,79.52
27,38,1,0.034483,4.41
27,39,5,0.172414,18.07
27,40,13,0.448276,45.38
27,41,23,0.793103,79.52
27,42,15,0.517241,52.21
27,43,9,0.310345,31.72
27,44,15,0.517241,52.21
27,45,7,0.241379,24.90
27,46,22,0.758621,76.10
27,47,6,0.206897,21.48
28,0,16,0.551724,55.62
28,1,5,0.172414,18.07
28,2,20,0.689655,69.28
28,3,17,0.586207,59.03
28,4,26,0.896552,89.76
28,5,17,0.586207,59.03
28,6,11,0.379310,38.55
28,7,21,0.724138,72.69
28,8,24,0.827586,82.93
28,9,13,0.448276,45.38
28,10,1,0.034483,4.41
28,11,12,0.413793,41.97
28,12,4,0.137931,14.66
28,13,12,0.413793,41.97
28,14,15,0.517241,52.21
28,15,0,0.000000,1.00
28,16,26,0.896552,89.76
28,17,14,0.482759,48.79
28,18,15,0.517241,52.21
28,19,5,0.172414,18.07
28,20,25,0.862069,86.34
28,21,13,0.448276,45.38
28,22,2,0.068966,7.83
28,23,26,0.896552,89.76
28,24,5,0.172414,18.07
28,25,9,0.310345,31.72
28,26,18,0.620690,62.45
28,27,8,0.275862,28.31
28,28,26,0.896552,89.76
28,29,28,0.965517,96.59
28,30,22,0.758621,76.10
28,31,18,0.620690,62.45
28,32,1,0.034483,4.41
28,33,5,0.172414,18.07
28,34,22,0.758621,76.10
28,35,5,0.172414,18.07
28,36,14,0.482759,48.79
28,37,11,0.379310,38.55
28,38,26,0.896552,89.76
28,39,29,1.000000,100.00
28,40,26,0.896552,89.76
28,41,1,0.034483,4.41
28,42,21,0.724138,72.69
28,43,11,0.379310,38.55
28,44,6,0.206897,21.48
28,45,1,0.034483,4.41
28,46,29,1.000000,100.00
28,47,26,0.896552,89.76
29,0,4,0.137931,14.66
29,1,17,0.586207,59.03
29,2,3,0.103448,11.24
29,3,6,0.206897,21.48
29,4,23,0.793103,79.52
29,5,28,0.965517,96.59
29,6,12,0.413793,41.97
29,7,0,0.000000,1.00
29,8,6,0.206897,21.48
29,9,27,0.931034,93.17
29,10,29,1.000000,100.00
29,11,8,0.275862,28.31
29,12,4,0.137931,14.66
29,13,5,0.172414,18.07
29,14,1,0.034483,4.41
29,15,16,0.551724,55.62
29,16,19,0.655172,65.86
29,17,14,0.482759,48.79
29,18,2,0.068966,7.83
29,19,7,0.241379,24.90
29,20,3,0.103448,11.24
29,21,7,0.241379,24.90
29,22,16,0.551724,55.62
29,23,13,0.448276,45.38
29,24,29,1.000000,100.00
29,25,6,0.206897,21.48
29,26,4,0.137931,14.66
29,27,23,0.793103,79.52
29,28,10,0.344828,35.14
29,29,12,0.413793,41.97
29,30,20,0.689655,69.28
29,31,13,0.448276,45.38
29,32,11,0.379310,38.55
29,33,3,0.103448,11.24
29,34,0,0.000000,1.00
29,35,1,0.034483,4.41
29,36,26,0.896552,89.76
29,37,1,0.034483,4.41
29,38,5,0.172414,18.07
29,39,21,0.724138,72.69
29,40,8,0.275862,28.31
29,41,24,0.827586,82.93
29,42,12,0.413793,41.97
29,43,25,0.862069,86.34
29,44,20,0.689655,69.28
29,45,24,0.827586,82.93
29,46,8,0.275862,28.31
29,47,29,1.000000,100.00
30,0,3,0.103448,11.24
30,1,4,0.137931,14.66
30,2,20,0.689655,69.28
30,3,26,0.896552,89.76
30,4,24,0.827586,82.93
30,5,3,0.103448,11.24
30,6,9,0.310345,31.72
30,7,15,0.517241,52.21
30,8,8,0.275862,28.31
30,9,29,1.000000,100.00
30,10,11,0.379310,38.55
30,11,24,0.827586,82.93
30,12,13,0.448276,45.38
30,13,20,0.689655,69.28
30,14,16,0.551724,55.62
30,15,19,0.655172,65.86
30,16,10,0.344828,35.14
30,17,3,0.103448,11.24
30,18,17,0.586207,59.03
30,19,14,0.482759,48.79
30,20,16,0.551724,55.62
30,21,2,0.068966,7.83
30,22,21,0.724138,72.69
30,23,9,0.310345,31.72
30,24,25,0.862069,86.34
30,25,17,0.586207,59.03
30,26,24,0.827586,82.93
30,27,18,0.620690,62.45
30,28,14,0.482759,48.79
30,29,21,0.724138,72.69
30,30,22,0.758621,76.10
30,31,23,0.793103,79.52
30,32,19,0.655172,65.86
30,33,9,0.310345,31.72
30,34,20,0.689655,69.28
30,35,24,0.827586,82.93
30,36,29,1.000000,100.00
30,37,20,0.689655,69.28
30,38,22,0.758621,76.10
30,39,21,0.724138,72.69
30,40,4,0.137931,14.66
30,41,11,0.379310,38.55
30,42,3,0.103448,11.24
30,43,21,0.724138,72.69
30,44,16,0.551724,55.62
30,45,5,0.172414,18.07
30,46,12,0.413793,41.97
30,47,10,0.344828,35.14
31,0,28,0.965517,96.59
31,1,7,0.241379,24.90
31,2,23,0.793103,79.52
31,3,16,0.551724,55.62
31,4,2,0.068966,7.83
31,5,28,0.965517,96.59
31,6,18,0.620690,62.45
31,7,24,0.827586,82.93
31,8,1,0.034483,4.41
31,9,3,0.103448,11.24
31,10,6,0.206897,21.48
31,11,8,0.275862,28.31
31,12,20,0.689655,69.28
31,13,14,0.482759,48.79
31,14,29,1.000000,100.00
31,15,28,0.965517,96.59
31,16,23,0.793103,79.52
31,17,11,0.379310,38.55
31,18,27,0.931034,93.17
31,19,29,1.000000,100.00
31,20,21,0.724138,72.69
31,21,4,0.137931,14.66
31,22,28,0.965517,96.59
31,23,9,0.310345,31.72
31,24,13,0.448276,45.38
31,25,14,0.482759,48.79
31,26,22,0.758621,76.10
31,27,18,0.620690,62.45
31,28,6,0.206897,21.48
31,29,25,0.862069,86.34
31,30,20,0.689655,69.28
31,31,26,0.896552,89.76
31,32,25,0.862069,86.34
31,33,12,0.413793,41.97
31,34,18,0.620690,62.45
31,35,26,0.896552,89.76
31,36,2,0.068966,7.83
31,37,21,0.724138,72.69
31,38,20,0.689655,69.28
31,39,17,0.586207,59.03
31,40,4,0.137931,14.66
31,41,21,0.724138,72.69
31,42,8,0.275862,28.31
31,43,5,0.172414,18.07
31,44,12,0.413793,41.97
31,45,15,0.517241,52.21
31,46,20,0.689655,69.28
31,47,9,0.310345,31.72
32,0,0,0.000000,1.00
32,1,14,0.482759,48.79
32,2,21,0.724138,72.69
32,3,16,0.551724,55.62
32,4,28,0.965517,96.59
32,5,17,0.586207,59.03
32,6,4,0.137931,14.66
32,7,21,0.724138,72.69
32,8,23,0.793103,79.52
32,9,5,0.172414,18.07
32,10,7,0.241379,24.90
32,11,25,0.862069,86.34
32,12,10,0.344828,35.14
32,13,13,0.448276,45.38
32,14,1,0.034483,4.41
32,15,20,0.689655,69.28
32,16,6,0.206897,21.48
32,17,4,0.137931,14.66
32,18,18,0.620690,62.45
32,19,19,0.655172,65.86
32,20,8,0.275862,28.31
32,21,10,0.344828,35.14
32,22,7,0.241379,24.90
32,23,11,0.379310,38.55
32,24,15,0.517241,52.21
32,25,2,0.068966,7.83
32,26,19,0.655172,65.86
32,27,10,0.344828,35.14
32,28,1,0.034483,4.41
32,29,13,0.448276,45.38
32,30,22,0.758621,76.10
32,31,26,0.896552,89.76
32,32,7,0.241379,24.90
32,33,1,0.034483,4.41
32,34,12,0.413793,41.97
32,35,27,0.931034,93.17
32,36,11,0.379310,38.55
32,37,27,0.931034,93.17
32,38,12,0.413793,41.97
32,39,16,0.551724,55.62
32,40,9,0.310345,31.72
32,41,26,0.896552,89.76
32,42,18,0.620690,62.45
32,43,14,0.482759,48.79
32,44,29,1.000000,100.00
32,45,4,0.137931,14.66
32,46,26,0.896552,89.76
32,47,9,0.310345,31.72
33,0,6,0.206897,21.48
33,1,20,0.689655,69.28
33,2,22,0.758621,76.10
33,3,23,0.793103,79.52
33,4,4,0.137931,14.66
33,5,26,0.896552,89.76
33,6,29,1.000000,100.00
33,7,5,0.172414,18.07
33,8,24,0.827586,82.93
33,9,16,0.551724,55.62
33,10,27,0.931034,93.17
33,11,3,0.103448,11.24
33,12,24,0.827586,82.93
33,13,12,0.413793,41.97
33,14,15,0.517241,52.21
33,15,13,0.448276,45.38
33,16,21,0.724138,72.69
33,17,1,0.034483,4.41
33,18,26,0.896552,89.76
33,19,1,0.034483,4.41
33,20,1,0.034483,4.41
33,21,7,0.241379,24.90
33,22,24,0.827586,82.93
33,23,12,0.413793,41.97
33,24,9,0.310345,31.72
33,25,11,0.379310,38.55
33,26,19,0.655172,65.86
33,27,19,0.655172,65.86
33,28,16,0.551724,55.62
33,29,12,0.413793,41.97
33,30,8,0.275862,28.31
33,31,9,0.310345,31.72
33,32,5,0.172414,18.07
33,33,13,0.448276,45.38
33,34,15,0.517241,52.21
33,35,8,0.275862,28.31
33,36,22,0.758621,76.10
33,37,5,0.172414,18.07
33,38,24,0.827586,82.93
33,39,17,0.586207,59.03
33,40,24,0.827586,82.93
33,41,5,0.172414,18.07
33,42,18,0.620690,62.45
33,43,0,0.000000,1.00
33,44,12,0.413793,41.97
33,45,20,0.689655,69.28
33,46,15,0.517241,52.21
33,47,0,0.000000,1.00
34,0,25,0.862069,86.34
34,1,5,0.172414,18.07
34,2,17,0.586207,59.03
34,3,15,0.517241,52.21
34,4,8,0.275862,28.31
34,5,27,0.931034,93.17
34,6,22,0.758621,76.10
34,7,20,0.689655,69.28
34,8,17,0.586207,59.03
34,9,19,0.655172,65.86
34,10,25,0.862069,86.34
34,11,0,0.000000,1.00
34,12,20,0.689655,69.28
34,13,28,0.965517,96.59
34,14,9,0.310345,31.72
34,15,16,0.551724,55.62
34,16,0,0.000000,1.00
34,17,22,0.758621,76.10
34,18,5,0.172414,18.07
34,19,19,0.655172,65.86
34,20,11,0.379310,38.55
34,21,26,0.896552,89.76
34,22,13,0.448276,45.38
34,23,6,0.206897,21.48
34,24,1,0.034483,4.41
34,25,6,0.206897,21.48
34,26,21,0.724138,72.69
34,27,20,0.689655,69.28
34,28,10,0.344828,35.14
34,29,10,0.344828,35.14
34,30,0,0.000000,1.00
34,31,29,1.000000,100.00
34,32,25,0.862069,86.34
34,33,1,0.034483,4.41
34,34,24,0.827586,82.93
34,35,4,0.137931,14.66
34,36,22,0.758621,76.10
34,37,29,1.000000,100.00
34,38,19,0.655172,65.86
34,39,11,0.379310,38.55
34,40,7,0.241379,24.90
34,41,9,0.310345,31.72
34,42,8,0.275862,28.31
34,43,22,0.758621,76.10
34,44,23,0.793103,79.52
34,45,25,0.862069,86.34
34,46,22,0.758621,76.10
34,47,21,0.724138,72.69
35,0,24,0.827586,82.93
35,1,16,0.551724,55.62
35,2,24,0.827586,82.93
35,3,26,0.896552,89.76
35,4,14,0.482759,48.79
35,5,8,0.275862,28.31
35,6,9,0.310345,31.72
35,7,6,0.206897,21.48
35,8,12,0.413793,41.97
35,9,8,0.275862,28.31
35,10,19,0.655172,65.86
35,11,22,0.758621,76.10
35,12,6,0.206897,21.48
35,13,29,1.000000,100.00
35,14,16,0.551724,55.62
35,15,24,0.827586,82.93
35,16,0,0.000000,1.00
35,17,19,0.655172,65.86
35,18,6,0.206897,21.48
35,19,26,0.896552,89.76
35,20,15,0.517241,52.21
35,21,18,0.620690,62.45
35,22,24,0.827586,82.93
35,23,14,0.482759,48.79
35,24,0,0.000000,1.00
35,25,13,0.448276,45.38
35,26,16,0.551724,55.62
35,27,21,0.724138,72.69
35,28,1,0.034483,4.41
35,29,20,0.689655,69.28
35,30,7,0.241379,24.90
35,31,17,0.586207,59.03
35,32,27,0.931034,93.17
35,33,0,0.000000,1.00
35,34,29,1.000000,100.00
35,35,15,0.517241,52.21
35,36,20,0.689655,69.28
35,37,11,0.379310,38.55
35,38,6,0.206897,21.48
35,39,16,0.551724,55.62
35,40,2,0.068966,7.83
35,41,24,0.827586,82.93
35,42,25,0.862069,86.34
35,43,21,0.724138,72.69
35,44,24,0.827586,82.93
35,45,17,0.586207,59.03
35,46,21,0.724138,72.69
35,47,6,0.206897,21.48
36,0,12,0.413793,41.97
36,1,29,1.000000,100.00
36,2,12,0.413793,41.97
36,3,16,0.551724,55.62
36,4,1,0.034483,4.41
36,5,21,0.724138,72.69
36,6,11,0.379310,38.55
36,7,21,0.724138,72.69
36,8,6,0.206897,21.48
36,9,25,0.862069,86.34
36,10,15,0.517241,52.21
36,11,26,0.896552,89.76
36,12,15,0.517241,52.21
36,13,23,0.793103,79.52
36,14,3,0.103448,11.24
36,15,6,0.206897,21.48
36,16,4,0.137931,14.66
36,17,19,0.655172,65.86
36,18,20,0.689655,69.28
36,19,12,0.413793,41.97
36,20,4,0.137931,14.66
36,21,14,0.482759,48.79
36,22,26,0.896552,89.76
36,23,26,0.896552,89.76
36,24,24,0.827586,82.93
36,25,23,0.793103,79.52
36,26,9,0.310345,31.72
36,27,15,0.517241,52.21
36,28,19,0.655172,65.86
36,29,1,0.034483,4.41
36,30,2,0.068966,7.83
36,31,24,0.827586,82.93
36,32,11,0.379310,38.55
36,33,0,0.000000,1.00
36,34,25,0.862069,86.34
36,35,6,0.206897,21.48
36,36,17,0.586207,59.03
36,37,28,0.965517,96.59
36,38,12,0.413793,41.97
36,39,14,0.482759,48.79
36,40,3,0.103448,11.24
36,41,6,0.206897,21.48
36,42,25,0.862069,86.34
36,43,18,0.620690,62.45
36,44,11,0.379310,38.55
36,45,9,0.310345,31.72
36,46,14,0.482759,48.79
36,47,7,0.241379,24.90
37,0,26,0.896552,89.76
37,1,14,0.482759,48.79
37,2,12,0.413793,41.97
37,3,6,0.206897,21.48
37,4,19,0.655172,65.86
37,5,13,0.448276,45.38
37,6,14,0.482759,48.79
37,7,1,0.034483,4.41
37,8,11,0.379310,38.55
37,9,10,0.344828,35.14
37,10,6,0.206897,21.48
37,11,11,0.379310,38.55
37,12,6,0.206897,21.48
37,13,28,0.965517,96.59
37,14,5,0.172414,18.07
37,15,2,0.068966,7.83
37,16,10,0.344828,35.14
37,17,29,1.000000,100.00
37,18,15,0.517241,52.21
37,19,26,0.896552,89.76
37,20,11,0.379310,38.55
37,21,29,1.000000,100.00
37,22,15,0.517241,52.21
37,23,17,0.586207,59.03
37,24,18,0.620690,62.45
37,25,19,0.655172,65.86
37,26,3,0.103448,11.24
37,27,22,0.758621,76.10
37,28,26,0.896552,89.76
37,29,9,0.310345,31.72
37,30,0,0.000000,1.00
37,31,15,0.517241,52.21
37,32,19,0.655172,65.86
37,33,14,0.482759,48.79
37,34,19,0.655172,65.86
37,35,25,0.862069,86.34
37,36,17,0.586207,59.03
37,37,2,0.068966,7.83
37,38,23,0.793103,79.52
37,39,28,0.965517,96.59
37,40,20,0.689655,69.28
37,41,12,0.413793,41.97
37,42,23,0.793103,79.52
37,43,18,0.620690,62.45
37,44,19,0.655172,65.86
37,45,10,0.344828,35.14
37,46,13,0.448276,45.38
37,47,16,0.551724,55.62
38,0,10,0.344828,35.14
38,1,12,0.413793,41.97
38,2,5,0.172414,18.07
38,3,20,0.689655,69.28
38,4,7,0.241379,24.90
38,5,8,0.275862,28.31
38,6,19,0.655172,65.86
38,7,16,0.551724,55.62
38,8,9,0.310345,31.72
38,9,29,1.000000,100.00
38,10,23,0.793103,79.52
38,11,25,0.862069,86.34
38,12,4,0.137931,14.66
38,13,29,1.000000,100.00
38,14,8,0.275862,28.31
38,15,25,0.862069,86.34
38,16,22,0.758621,76.10
38,17,11,0.379310,38.55
38,18,25,0.862069,86.34
38,19,3,0.103448,11.24
38,20,5,0.172414,18.07
38,21,5,0.172414,18.07
38,22,20,0.689655,69.28
38,23,18,0.620690,62.45
38,24,19,0.655172,65.86
38,25,17,0.586207,59.03
38,26,21,0.724138,72.69
38,27,10,0.344828,35.14
38,28,25,0.862069,86.34
38,29,26,0.896552,89.76
38,30,28,0.965517,96.59
38,31,14,0.482759,48.79
38,32,23,0.793103,79.52
38,33,12,0.413793,41.97
38,34,14,0.482759,48.79
38,35,23,0.793103,79.52
38,36,2,0.068966,7.83
38,37,6,0.206897,21.48
38,38,2,0.068966,7.83
38,39,24,0.827586,82.93
38,40,9,0.310345,31.72
38,41,2,0.068966,7.83
38,42,14,0.482759,48.79
38,43,18,0.620690,62.45
38,44,24,0.827586,82.93
38,45,13,0.448276,45.38
38,46,19,0.655172,65.86
38,47,13,0.448276,45.38
39,0,10,0.344828,35.14
39,1,28,0.965517,96.59
39,2,9,0.310345,31.72
39,3,29,1.000000,100.00
39,4,5,0.172414,18.07
39,5,8,0.275862,28.31
39,6,22,0.758621,76.10
39,7,4,0.137931,14.66
39,8,16,0.551724,55.62
39,9,19,0.655172,65.86
39,10,21,0.724138,72.69
39,11,17,0.586207,59.03
39,12,23,0.793103,79.52
39,13,22,0.758621,76.10
39,14,15,0.517241,52.21
39,15,12,0.413793,41.97
39,16,14,0.482759,48.79
39,17,26,0.896552,89.76
39,18,28,0.965517,96.59
39,19,4,0.137931,14.66
39,20,17,0.586207,59.03
39,21,27,0.931034,93.17
39,22,4,0.137931,14.66
39,23,15,0.517241,52.21
39,24,16,0.551724,55.62
39,25,0,0.000000,1.00
39,26,25,0.862069,86.34
39,27,9,0.310345,31.72
39,28,1,0.034483,4.41
39,29,8,0.275862,28.31
39,30,15,0.517241,52.21
39,31,24,0.827586,82.93
39,32,29,1.000000,100.00
39,33,9,0.310345,31.72
39,34,25,0.862069,86.34
39,35,21,0.724138,72.69
39,36,0,0.000000,1.00
39,37,5,0.172414,18.07
39,38,16,0.551724,55.62
39,39,28,0.965517,96.59
39,40,8,0.275862,28.31
39,41,3,0.103448,11.24
39,42,4,0.137931,14.66
39,43,14,0.482759,48.79
39,44,7,0.241379,24.90
39,45,14,0.482759,48.79
39,46,27,0.931034,93.17
39,47,0,0.000000,1.00
40,0,21,0.724138,72.69
40,1,1,0.034483,4.41
40,2,12,0.413793,41.97
40,3,23,0.793103,79.52
40,4,4,0.137931,14.66
40,5,21,0.724138,72.69
40,6,5,0.172414,18.07
40,7,18,0.620690,62.45
40,8,1,0.034483,4.41
40,9,4,0.137931,14.66
40,10,27,0.931034,93.17
40,11,22,0.758621,76.10
40,12,27,0.931034,93.17
40,13,10,0.344828,35.14
40,14,16,0.551724,55.62
40,15,18,0.620690,62.45
40,16,17,0.586207,59.03
40,17,17,0.586207,59.03
40,18,15,0.517241,52.21
40,19,22,0.758621,76.10
40,20,26,0.896552,89.76
40,21,4,0.137931,14.66
40,22,14,0.482759,48.79
40,23,18,0.620690,62.45
40,24,28,0.965517,96.59
40,25,1,0.034483,4.41
40,26,16,0.551724,55.62
40,27,24,0.827586,82.93
40,28,18,0.620690,62.45
40,29,12,0.413793,41.97
40,30,3,0.103448,11.24
40,31,28,0.965517,96.59
40,32,0,0.000000,1.00
40,33,19,0.655172,65.86
40,34,20,0.689655,69.28
40,35,6,0.206897,21.48
40,36,10,0.344828,35.14
40,37,8,0.275862,28.31
40,38,2,0.068966,7.83
40,39,29,1.000000,100.00
40,40,21,0.724138,72.69
40,41,0,0.000000,1.00
40,42,17,0.586207,59.03
40,43,11,0.379310,38.55
40,44,28,0.965517,96.59
40,45,27,0.931034,93.17
40,46,3,0.103448,11.24
40,47,1,0.034483,4.41
41,0,9,0.310345,31.72
41,1,3,0.103448,11.24
41,2,20,0.689655,69.28
41,3,20,0.689655,69.28
41,4,2,0.068966,7.83
41,5,13,0.448276,45.38
41,6,8,0.275862,28.31
41,7,12,0.413793,41.97
41,8,7,0.241379,24.90
41,9,8,0.275862,28.31
41,10,13,0.448276,45.38
41,11,2,0.068966,7.83
41,12,25,0.862069,86.34
41,13,10,0.344828,35.14
41,14,9,0.310345,31.72
41,15,2,0.068966,7.83
41,16,1,0.034483,4.41
41,17,11,0.379310,38.55
41,18,4,0.137931,14.66
41,19,19,0.655172,65.86
41,20,12,0.413793,41.97
41,21,28,0.965517,96.59
41,22,20,0.689655,69.28
41,23,9,0.310345,31.72
41,24,3,0.103448,11.24
41,25,21,0.724138,72.69
41,26,27,0.931034,93.17
41,27,5,0.172414,18.07
41,28,21,0.724138,72.69
41,29,2,0.068966,7.83
41,30,23,0.793103,79.52
41,31,6,0.206897,21.48
41,32,20,0.689655,69.28
41,33,6,0.206897,21.48
41,34,14,0.482759,48.79
41,35,28,0.965517,96.59
41,36,12,0.413793,41.97
41,37,1,0.034483,4.41
41,38,18,0.620690,62.45
41,39,1,0.034483,4.41
41,40,25,0.862069,86.34
41,41,28,0.965517,96.59
41,42,7,0.241379,24.90
41,43,27,0.931034,93.17
41,44,8,0.275862,28.31
41,45,23,0.793103,79.52
41,46,19,0.655172,65.86
41,47,9,0.310345,31.72
42,0,0,0.000000,1.00
42,1,5,0.172414,18.07
42,2,23,0.793103,79.52
42,3,4,0.137931,14.66
42,4,18,0.620690,62.45
42,5,1,0.034483,4.41
42,6,26,0.896552,89.76
42,7,20,0.689655,69.28
42,8,27,0.931034,93.17
42,9,28,0.965517,96.59
42,10,17,0.586207,59.03
42,11,2,0.068966,7.83
42,12,6,0.206897,21.48
42,13,29,1.000000,100.00
42,14,7,0.241379,24.90
42,15,29,1.000000,100.00
42,16,22,0.758621,76.10
42,17,15,0.517241,52.21
42,18,17,0.586207,59.03
42,19,29,1.000000,100.00
42,20,10,0.344828,35.14
42,21,16,0.551724,55.62
42,22,28,0.965517,96.59
42,23,2,0.068966,7.83
42,24,23,0.793103,79.52
42,25,24,0.827586,82.93
42,26,27,0.931034,93.17
42,27,1,0.034483,4.41
42,28,0,0.000000,1.00
42,29,12,0.413793,41.97
42,30,3,0.103448,11.24
42,31,4,0.137931,14.66
42,32,29,1.000000,100.00
42,33,23,0.793103,79.52
42,34,14,0.482759,48.79
42,35,12,0.413793,41.97
42,36,12,0.413793,41.97
42,37,17,0.586207,59.03
42,38,25,0.862069,86.34
42,39,5,0.172414,18.07
42,40,0,0.000000,1.00
42,41,19,0.655172,65.86
42,42,3,0.103448,11.24
42,43,1,0.034483,4.41
42,44,14,0.482759,48.79
42,45,7,0.241379,24.90
42,46,4,0.137931,14.66
42,47,27,0.931034,93.17
43,0,24,0.827586,82.93
43,1,4,0.137931,14.66
43,2,6,0.206897,21.48
43,3,28,0.965517,96.59
43,4,19,0.655172,65.86
43,5,26,0.896552,89.76
43,6,21,0.724138,72.69
43,7,5,0.172414,18.07
43,8,2,0.068966,7.83
43,9,25,0.862069,86.34
43,10,2,0.068966,7.83
43,11,1,0.034483,4.41
43,12,12,0.413793,41.97
43,13,28,0.965517,96.59
43,14,13,0.448276,45.38
43,15,29,1.000000,100.00
43,16,18,0.620690,62.45
43,17,17,0.586207,59.03
43,18,1,0.034483,4.41
43,19,22,0.758621,76.10
43,20,4,0.137931,14.66
43,21,23,0.793103,79.52
43,22,9,0.310345,31.72
43,23,9,0.310345,31.72
43,24,16,0.551724,55.62
43,25,6,0.206897,21.48
43,26,7,0.241379,24.90
43,27,0,0.000000,1.00
43,28,17,0.586207,59.03
43,29,6,0.206897,21.48
43,30,0,0.000000,1.00
43,31,1,0.034483,4.41
43,32,7,0.241379,24.90
43,33,4,0.137931,14.66
43,34,7,0.241379,24.90
43,35,2,0.068966,7.83
43,36,18,0.620690,62.45
43,37,25,0.862069,86.34
43,38,19,0.655172,65.86
43,39,21,0.724138,72.69
43,40,2,0.068966,7.83
43,41,18,0.620690,62.45
43,42,8,0.275862,28.31
43,43,16,0.551724,55.62
43,44,18,0.620690,62.45
43,45,15,0.517241,52.21
43,46,19,0.655172,65.86
43,47,1,0.034483,4.41
44,0,4,0.137931,14.66
44,1,18,0.620690,62.45
44,2,14,0.482759,48.79
44,3,9,0.310345,31.72
44,4,23,0.793103,79.52
44,5,11,0.379310,38.55
44,6,24,0.827586,82.93
44,7,9,0.310345,31.72
44,8,25,0.862069,86.34
44,9,9,0.310345,31.72
44,10,23,0.793103,79.52
44,11,22,0.758621,76.10
44,12,12,0.413793,41.97
44,13,3,0.103448,11.24
44,14,22,0.758621,76.10
44,15,12,0.413793,41.97
44,16,22,0.758621,76.10
44,17,2,0.068966,7.83
44,18,22,0.758621,76.10
44,19,26,0.896552,89.76
44,20,8,0.275862,28.31
44,21,23,0.793103,79.52
44,22,4,0.137931,14.66
44,23,3,0.103448,11.24
44,24,18,0.620690,62.45
44,25,21,0.724138,72.69
44,26,19,0.655172,65.86
44,27,16,0.551724,55.62
44,28,5,0.172414,18.07
44,29,13,0.448276,45.38
44,30,5,0.172414,18.07
44,31,5,0.172414,18.07
44,32,10,0.344828,35.14
44,33,15,0.517241,52.21
44,34,18,0.620690,62.45
44,35,1,0.034483,4.41
44,36,26,0.896552,89.76
44,37,19,0.655172,65.86
44,38,24,0.827586,82.93
44,39,29,1.000000,100.00
44,40,26,0.896552,89.76
44,41,27,0.931034,93.17
44,42,18,0.620690,62.45
44,43,5,0.172414,18.07
44,44,8,0.275862,28.31
44,45,5,0.172414,18.07
44,46,0,0.000000,1.00
44,47,15,0.517241,52.21
45,0,13,0.448276,45.38
45,1,10,0.344828,35.14
45,2,29,1.000000,100.00
45,3,4,0.137931,14.66
45,4,5,0.172414,18.07
45,5,17,0.586207,59.03
45,6,27,0.931034,93.17
45,7,19,0.655172,65.86
45,8,17,0.586207,59.03
45,9,4,0.137931,14.66
45,10,25,0.862069,86.34
45,11,1,0.034483,4.41
45,12,17,0.586207,59.03
45,13,13,0.448276,45.38
45,14,11,0.379310,38.55
45,15,25,0.862069,86.34
45,16,5,0.172414,18.07
45,17,15,0.517241,52.21
45,18,14,0.482759,48.79
45,19,23,0.793103,79.52
45,20,16,0.551724,55.62
45,21,3,0.103448,11.24
45,22,29,1.000000,100.00
45,23,4,0.137931,14.66
45,24,14,0.482759,48.79
45,25,0,0.000000,1.00
45,26,24,0.827586,82.93
45,27,14,0.482759,48.79
45,28,4,0.137931,14.66
45,29,23,0.793103,79.52
45,30,27,0.931034,93.17
45,31,28,0.965517,96.59
45,32,8,0.275862,28.31
45,33,13,0.448276,45.38
45,34,15,0.517241,52.21
45,35,20,0.689655,69.28
45,36,12,0.413793,41.97
45,37,9,0.310345,31.72
45,38,3,0.103448,11.24
45,39,10,0.344828,35.14
45,40,17,0.586207,59.03
45,41,23,0.793103,79.52
45,42,10,0.344828,35.14
45,43,4,0.137931,14.66
45,44,21,0.724138,72.69
45,45,22,0.758621,76.10
45,46,10,0.344828,35.14
45,47,1,0.034483,4.41
46,0,22,0.758621,76.10
46,1,10,0.344828,35.14
46,2,15,0.517241,52.21
46,3,11,0.379310,38.55
46,4,9,0.310345,31.72
46,5,23,0.793103,79.52
46,6,16,0.551724,55.62
46,7,4,0.137931,14.66
46,8,13,0.448276,45.38
46,9,29,1.000000,100.00
46,10,25,0.862069,86.34
46,11,1,0.034483,4.41
46,12,7,0.241379,24.90
46,13,10,0.344828,35.14
46,14,19,0.655172,65.86
46,15,21,0.724138,72.69
46,16,20,0.689655,69.28
46,17,12,0.413793,41.97
46,18,2,0.068966,7.83
46,19,4,0.137931,14.66
46,20,22,0.758621,76.10
46,21,21,0.724138,72.69
46,22,6,0.206897,21.48
46,23,18,0.620690,62.45
46,24,14,0.482759,48.79
46,25,28,0.965517,96.59
46,26,9,0.310345,31.72
46,27,6,0.206897,21.48
46,28,11,0.379310,38.55
46,29,18,0.620690,62.45
46,30,5,0.172414,18.07
46,31,14,0.482759,48.79
46,32,4,0.137931,14.66
46,33,9,0.310345,31.72
46,34,29,1.000000,100.00
46,35,28,0.965517,96.59
46,36,15,0.517241,52.21
46,37,16,0.551724,55.62
46,38,6,0.206897,21.48
46,39,18,0.620690,62.45
46,40,5,0.172414,18.07
46,41,26,0.896552,89.76
46,42,1,0.034483,4.41
46,43,24,0.827586,82.93
46,44,1,0.034483,4.41
46,45,9,0.310345,31.72
46,46,18,0.620690,62.45
46,47,29,1.000000,100.00
47,0,8,0.275862,28.31
47,1,18,0.620690,62.45
47,2,23,0.793103,79.52
47,3,15,0.517241,52.21
47,4,29,1.000000,100.00
47,5,21,0.724138,72.69
47,6,20,0.689655,69.28
47,7,26,0.896552,89.76
47,8,27,0.931034,93.17
47,9,4,0.137931,14.66
47,10,18,0.620690,62.45
47,11,10,0.344828,35.14
47,12,20,0.689655,69.28
47,13,23,0.793103,79.52
47,14,5,0.172414,18.07
47,15,28,0.965517,96.59
47,16,13,0.448276,45.38
47,17,18,0.620690,62.45
47,18,20,0.689655,69.28
47,19,2,0.068966,7.83
47,20,4,0.137931,14.66
47,21,19,0.655172,65.86
47,22,24,0.827586,82.93
47,23,19,0.655172,65.86
47,24,0,0.000000,1.00
47,25,6,0.206897,21.48
47,26,24,0.827586,82.93
47,27,18,0.620690,62.45
47,28,26,0.896552,89.76
47,29,2,0.068966,7.83
47,30,11,0.379310,38.55
47,31,18,0.620690,62.45
47,32,11,0.379310,38.55
47,33,3,0.103448,11.24
47,34,26,0.896552,89.76
47,35,2,0.068966,7.83
47,36,29,1.000000,100.00
47,37,4,0.137931,14.66
47,38,10,0.344828,35.14
47,39,13,0.448276,45.38
47,40,9,0.310345,31.72
47,41,6,0.206897,21.48
47,42,19,0.655172,65.86
47,43,22,0.758621,76.10
47,44,26,0.896552,89.76
47,45,22,0.758621,76.10
47,46,27,0.931034,93.17
47,47,19,0.655172,65.86
